{"cameraMode":{"drawMode":0,"name":"Shaded","section":"Shading Mode"},"sceneLighting":true,"audioPlay":false,"sceneViewState":{"showFog":true,"showMaterialUpdate":false,"showSkybox":true,"showFlares":true,"showImageEffects":true,"showParticleSystems":true},"in2DMode":false,"pivot":{"x":-0.030000001192092897,"y":-1.0705535411834717,"z":-2.2999958992004396},"rotation":{"x":0.08165857940912247,"y":-0.8763056397438049,"z":0.1600141078233719,"w":0.44721224904060366},"size":2.8840231895446779,"orthographic":false}