{"count":1,"gauges":{},"self":1.4232662999999999,"total":1.4292171999999999,"children":{"AgentSendState":{"count":1401,"self":0.0029828,"total":0.0029828,"children":null},"DecideAction":{"count":1401,"self":0,"total":0,"children":null},"AgentAct":{"count":1401,"self":0.0019706999999999997,"total":0.0019706999999999997,"children":null}}}